,id,country,commodity,year,region,currency,source,link,notes,confidence_level,range,area,area_size_unit,area_type,volume,volume_measurement_unit,volume_type,price,price_unit,price_type,cost_of_production,cost_of_production_unit,cost_of_production_type,diversified_income,diversified_income_unit,diversified_income_type
0,1,Kenya,Coffee,2021,National,Kshs,Desk research,https://www.globalcoffeeplatform.org/wp-content/uploads/2021/03/Kenya-Coffee-Platform-Coffee-Economic-Viability-Study-Report-F.pdf,,Moderate confidence,Low value,,,,300,kg/ha,Mean,53,kshs/kg,Median,30.48,kshs/kg,,,,
1,2,Kenya,Coffee,2021,National,Kshs,Desk research,https://www.globalcoffeeplatform.org/wp-content/uploads/2021/03/Kenya-Coffee-Platform-Coffee-Economic-Viability-Study-Report-F.pdf,,Moderate confidence,High value,,,,1600,kg/ha,Max ,71,kshs/kg,Median,96.52,kshs/kg,Max ,,,
2,3,Kenya,Coffee,2023,National,USD,Desk research,https://apps.fas.usda.gov/newgainapi/api/Report/DownloadReportByFileName?fileName=Coffee%20Annual_Nairobi_Kenya_KE2023-0004.pdf,Average price for country is $194/50 kg bag for 2023.,Moderate confidence,Median/Mean value,,,,,,,3.88,$/kg,Mean,,,,,,
3,4,Kenya,Coffee,2022,National,USD,Desk research,https://apps.fas.usda.gov/newgainapi/api/Report/DownloadReportByFileName?fileName=Coffee%20Annual_Nairobi_Kenya_KE2022-0005.pdf,"(60kg coffee bags ) Refer from Table 1: Production, Supply, and Distribution (PSD)",Moderate confidence,Median/Mean value,,,,,,,328,$/kg,Median,,,,,,
4,5,Kenya,Tea,2023,National,Kshs,Desk research,https://www.linkedin.com/pulse/top-20-most-profitable-crops-grow-profits-per-acre-kenya-trend/,"One ton of tea can be sold at KES 300,000, translating to a potential income of KES 600,000 to KES 750,000 per acre",Low confidence,Median/Mean value,,,,2500,kg/acre,Median,300000,kshs/ton,Median,,,,,,
5,6,Kenya,Tea,2018,National,Kshs,Desk research,https://kilimonews.co.ke/general-news/statistics-show-that-tea-payment-to-smallholder-farmers-has-been-declining-since-2016-17/,"Total payout to the farmers [Kshs.58.76 per Kg of greenleaf in 2016/17, 52.83 in 2017/18 and 41.27 in 2018/19.",High confidence,High value,,,,,,,52.83,kshs/kg,Max ,,,,,,
6,7,Kenya,Tea,2022,National,Kshs,Desk research,https://www.ijhsr.org/IJHSR_Vol.12_Issue.11_Nov2022/IJHSR33.pdf,Production was between 101-150 Kgs per month,High confidence,Median/Mean value,,,,,,,18,kshs/kg,Median,,,,,,
7,8,Kenya,Tea,2023,National,Kshs,Desk research,https://www.the-star.co.ke/news/realtime/2023-09-27-tea-farmers-will-receive-higher-bonuses-this-year-gachagua/,Farmers earn between Sh5 and Sh10 per kilo,Low confidence,Median/Mean value,,,,,,,6,kshs/kg,Median,,,,,,
8,9,Kenya,Maize,2023,National,KES,Desk research,https://www.linkedin.com/pulse/top-20-most-profitable-crops-grow-profits-per-acre-kenya-trend/,"Average yield of 40-50 bags per acre. 1 bag of maize weighs 90kg, and sold at KES 4,500 – 5,600 per bag, translating to a potential income of KES 180,000 to KES 280,000 per acre.",Low confidence,Median/Mean value,,,,4500,kg/acre,Median,,,,,,,,,
9,10,Uganda,Coffee,2022,National,UGX,Desk research,https://fairtradeafrica.net/wp-content/uploads/2022/11/Fairtrade-Living-Income-Reference-Price-Uganda-coffee.pdf,"UGX 11,640 (US$ 3.06) per kilo of dried parchment (equivalent to UGX 2,328 for a kilo of cherry); arabica",Moderate confidence,Median/Mean value,2.0,acres,Min,350,kg/acre,Median,2328,UGX/kg,Mean,,,,,,
10,11,Uganda,Coffee,2022,National,UGX,Desk research,https://ugandacoffee.go.ug/sites/default/files/2022-12/November%202022.pdf,Robusta Kiboko,Moderate confidence,Median/Mean value,,,,,,,2400,UGX/kg,Mean,,,,,,
11,12,Uganda,Coffee,2022,National,UGX,Desk research,https://ugandacoffee.go.ug/sites/default/files/2022-12/November%202022.pdf,Arabica,Moderate confidence,Median/Mean value,,,,,,,9500,UGX/kg,Mean,,,,,,
12,13,Uganda,Cocoa,2023,National,UGX,Desk research,https://farmersreviewafrica.com/uganda-in-a-24-8-million-cocoa-factory-plan-to-improve-smallholder-farmers-income/,dried beans,Moderate confidence,High value,,,,,,,7800,UGX/kg,Max ,,,,,,
13,14,Uganda,Cocoa,2023,National,UGX,Desk research,https://farmersreviewafrica.com/uganda-in-a-24-8-million-cocoa-factory-plan-to-improve-smallholder-farmers-income/,wet beans,Moderate confidence,Low value,2.0,acres,Min,,,,3000,UGX/kg,Min,,,,,,
14,15,Uganda,Cocoa,2021,National,UGX,Desk research,https://www.monitor.co.ug/uganda/magazines/farming/how-farmers-can-earn-more-from-cocoa-3492918,"450 trees per acre, each tree 3-4kgs, a  kg sold at 7000",Moderate confidence,Median/Mean value,,,,1800,kg/acre,Mean,7000,UGX/kg,Median,,,,,,
15,16,Madagaskar,Coffee,2022,National,USD,Desk research,"https://www.omwani.com/post/madagascar-coffee-production-sourcing-guide#:~:text=How%20much%20coffee%20does%20Madagascar,2019%2C%20it%20produced%20380%2C000%20bags.",Green,Low confidence,Median/Mean value,,,,,,,1.46-4,$/kg,Mean,,,,,,
16,17,Peru,Coffee,2020,National,USD,Desk research,https://apps.fas.usda.gov/newgainapi/api/Report/DownloadReportByFileName?fileName=Coffee%20Annual_Lima_Peru_05-15-2021.pdf,,Moderate confidence,Median/Mean value,,,,718,kg/ha,Mean,2.2,$/kg,,,,,,,
17,18,Peru,Coffee,2020,National,USD,Desk research,https://apps.fas.usda.gov/newgainapi/api/Report/DownloadReportByFileName?fileName=Coffee%20Annual_Lima_Peru_05-15-2021.pdf,,Moderate confidence,Median/Mean value,,,,2520,kg/ha,Max ,,,,,,,,,
18,19,Peru,Coffee,2022,National,,Desk research,https://dailycoffeenews.com/2023/05/31/peru-coffee-report-production-rebounds-eu-regulation-concerns-farmers/,Report estimate,Moderate confidence,Median/Mean value,,,,,,,752,kg/ha,Mean,,,,,,
19,20,Peru,Coffee,2019,National,PEN,Desk research,https://nordicapproach.no/transparency/transparency-in-peru/,"For 85 quality score, 500-600 PEN [Quintal=(55.2kg of parchment)]",Moderate confidence,Median/Mean value,3.0,ha,Mean,,,,9.96,PEN/kg,Mean,6.5,PEN/kg,Mean,,,
20,21,Peru,Coffee,2019,National,PEN,Desk research,https://nordicapproach.no/transparency/transparency-in-peru/,"For 87 quality score, 600-750 PEN [Quintal=(55.2kg of parchment)]",Moderate confidence,Median/Mean value,3.0,ha,Mean,,,,12.2,PEN/kg,Mean,6.5,PEN/kg,Mean,,,
21,22,Peru,Rice,2018,National,,Desk research,https://www.ceicdata.com/en/peru/agricultural-production-yield/agricultural-production-yield-rice-skinned,,Low confidence,Median/Mean value,,,,,,,8.185,kg/ha,Mean,,,,,,
22,23,Peru,Rice,2018,National,PEN,Desk research,https://www.spacefordevelopment.org/wp-content/uploads/2022/04/PeruRice-WP5-D14_CaseStudy-1.0.pdf,,Moderate confidence,Median/Mean value,,,,,,,1,PEN/kg,Mean,,,,,,
23,24,Peru,Maize,2018,National,,Desk research,https://www.ceicdata.com/en/peru/agricultural-production-yield/agricultural-production-yield-maize-corn,,Low confidence,Median/Mean value,,,,4.769,kg/ha,Mean,,,,,,,,,
24,25,Ivory Coast,Coffee,2023,National,CFA francs,Desk research,https://www.reuters.com/article/coffee-ivorycoast-idUSL6N0T81TX20141118,,Moderate confidence,High value,,,,,,,620,CFA francs/Kg,Max ,,,,,,
25,26,Ivory Coast,Coffee,2022,National,CFA francs,Desk research,https://www.reuters.com/world/africa/ivory-coast-raises-cocoa-farmgate-price-by-9-20222023-harvest-2022-09-30/,,Moderate confidence,High value,,,,,,,750,CFA francs/Kg,Max ,,,,,,
26,27,Ivory Coast,Cocoa,2022,National,,Desk research,https://www.bloomberg.com/news/articles/2023-09-30/ivory-coast-cocoa-price-increase-falls-short-of-farmers-hopes,,Moderate confidence,Median/Mean value,,,,,,,900,CFA francs/Kg,Median,,,,,,
27,28,Ivory Coast,Cocoa,2022,National,XOF,Desk research,"https://www.icco.org/cocoa-market-report-for-september-2022/#:~:text=The%20producer%20price%20of%20cocoa,tonne%20for%20their%20cocoa%20beans.",,High confidence,Median/Mean value,,,,,,,,,,900,XOF/Kg,Mean,,,
28,29,Ivory Coast,Cocoa,2023,National,FCFA,Desk research,"https://www.ghanaweb.com/GhanaHomePage/business/Ivory-Coast-sets-2023-24-cocoa-farmgate-price-at-1000-FCFA-1854374#:~:text=Ivory%20Coast%20sets%202023%2F24%20cocoa%20farmgate%20price%20at%201%2C000%20FCFA,-Ivory%20Coast%20faces&text=Ivory%20Coast%20has%20increased%20its,the%202023%2F24%20crop%20season.",equal to $1.62,Moderate confidence,-,,,,,,,"1,000",FCFA/Kg,Mean,,,,,,
29,30,Mexico,Coffee,2022,National,Pesos,Desk research,https://apps.fas.usda.gov/newgainapi/api/Report/DownloadReportByFileName?fileName=Coffee%20Annual_Mexico%20City_Mexico_MX2022-0031.pdf,equal to  $310 [up to five irrigated hectares for small and medium producers],Moderate confidence,Median/Mean value,,,,336,kg/ha,Mean,"6,200",pesos/producer ,Max ,,,,,,
30,31,Mexico,Coffee,2020,National,Pesos,Desk research,https://www.reuters.com/article/us-mexico-coffee-idUSKBN2BZ1TN,equal to $308,Moderate confidence,High value,,,,,,,"6,200",pesos/producer ,Max ,,,,,,
31,32,Mexico,Maize,2021,National,,Desk research,"https://ipad.fas.usda.gov/cropexplorer/pecad_stories.aspx?regionid=ca&ftype=prodbriefs#:~:text=Jan%2012%202022%20%7C%20Mexico%20Corn%3A%20Area%20Lower%20Than%20Expected&text=Area%20is%20estimated%20at%207.2,slightly%20down%20from%20last%20month.",,Moderate confidence,Median/Mean value,,,,3.38, t/ha,Mean,,,,,,,,,
32,33,Madagaskar,Rice,2022,National,,Desk research,https://link.springer.com/article/10.1007/s10745-022-00336-2,Irrigated rice,High confidence,Median/Mean value,0.11,ha,Mean,1.72, t/ha,Median,"1,500",Ariary/ kg,Mean,,,,,,
33,34,Madagaskar,Rice,2022,National,,Desk research,https://link.springer.com/article/10.1007/s10745-022-00336-2,Rainfed rice,High confidence,Median/Mean value,0.57,ha,Mean,0.62, t/ha,Min,"1,500",Ariary/ kg,Mean,,,,,,
34,35,Madagaskar,Coffee,2022,National,USD,Desk research,https://www.omwani.com/post/madagascar-coffee-production-sourcing-guide,between $1.46 and $4 per kilogram or between $ 0.66 - $ 1.81 per pound,Moderate confidence,Median/Mean value,,,,,,,1.46- 4,$/kg,Mean,,,,,,
35,36,Madagaskar,Coffee,2023,National,USD,Desk research,https://www.selinawamucii.com/insights/prices/madagascar/coffee/#wholesale-prices,or between US$ 2.22 and US$ 4.76 per pound(lb),Moderate confidence,Median/Mean value,,,,,,,4.9- 10.5,$/kg,Mean,,,,,,
36,37,Madagaskar,Coffee,2020,National,USD,Desk research,https://www.selinawamucii.com/insights/prices/madagascar/coffee/#wholesale-prices,export price of coffee per unit,Moderate confidence,Median/Mean value,,,,,,,1.29,$/kg,Mean,,,,,,
37,38,Tanzania,Coffee,2021,National,,Desk research,"https://www.mdpi.com/2225-1154/9/6/90#:~:text=The%20average%20smallholder%20coffee%20productivity,farmers%20at%20risk%20%5B6%5D.",,Moderate confidence,Low value,,,,250-300,kg/ha,Mean,,,,,,,,,
38,39,Tanzania,Coffee,2021,National,,Desk research,"https://www.mdpi.com/2225-1154/9/6/90#:~:text=The%20average%20smallholder%20coffee%20productivity,farmers%20at%20risk%20%5B6%5D.",potential yield,Moderate confidence,High value,,,,1000,kg/ha,Max ,,,,,,,,,
39,40,Tanzania,Coffee,2020,National,,Desk research,https://viagroforestry.org/app/uploads/2020/11/code_p-project_factsheet-.pdf,"average coffee productivity over the years,equivalent to 0.54kg per tree",Moderate confidence,High value,,,,0.748,t/ha,Mean,,,,,,,,,
40,41,Tanzania,Tea,2020,National,,Desk research,https://www.gatsby.org.uk/uploads/africa/reports/pdf/2020-tanzanian-tea-highlights.pdf,"applied to supported farmers, who yielded 11,250 kg of green leaf per hectare, compared to 4,000 kg",Moderate confidence,High value,,,,"11,250",kg/ha,Mean,,,,,,,,,
41,42,Tanzania,Maize,2021,National,TZS,Desk research,https://www.statista.com/statistics/1140512/average-wholesale-price-of-maize-in-tanzania/,"wholesale price, corresponding to 18.4 U.S. dollars per sack",High confidence,Median/Mean value,,,,,,,430,TZS/Kg,Mean,,,,,,
42,43,Indonesia,Rice,2021,National,,Desk research,"https://knoema.com/atlas/Indonesia/topics/Agriculture/Crops-Production-Yield/Paddy-rice-yield#:~:text=In%202021%2C%20paddy%20rice%20yield,average%20annual%20rate%20of%201.59%25.",paddy rice yield,Moderate confidence,Median/Mean value,,,,"52,263",hg/ha,Mean,,,,,,,,,
43,44,Indonesia,Cocoa,2018,National,,Desk research,https://iopscience.iop.org/article/10.1088/1755-1315/157/1/012067/pdf,"a productivity level of 655,515 kg per hectare? around 655 kg per hectare?... conflicting info",Low confidence,Median/Mean value,,,,655,kg/ha,Mean,,,,,,,,,
44,45,Indonesia,Coffee,2020,National,IDR,Desk research,https://www.fairtrade.org.uk/media-centre/news/new-living-income-price-for-indonesian-coffee-farmers/,equivalent to US$ 0.95 for a kilo of coffee cherry,High confidence,High value,,,,"6,000",kg/ha,Mean,"13,600",IDR/kg,Max ,,,,,,
45,46,Indonesia,Coffee,2023,National,,Desk research,https://www.reuters.com/markets/commodities/too-wet-bone-dry-indonesian-coffee-crop-faces-el-nino-jolt-2023-08-14/,,Moderate confidence,Median/Mean value,,,,0.7 and 1.0,t/ha,Mean,,,,,,,,,
46,47,Vietnam,Rice,2021,National,,Desk research,"https://www.statista.com/statistics/1339019/vietnam-average-yield-of-rice-paddy/#:~:text=In%202021%2C%20each%20hectare%20of,export%20commodities%20in%20the%20country.",,High confidence,Median/Mean value,,,,60.6,quintals/ha,Mean,,,,,,,,,
47,48,Vietnam,Rice,2022,National,USD,Desk research,"https://fulcrum.sg/vietnam-and-thailands-rice-cartel-is-a-hard-sell-but-rice-farmers-need-more-help/#:~:text=Vietnamese%20farmers%20earn%20an%20average,benefit%20from%20a%20rice%20cartel.",Vietnamese farmers earn an average of around US$160 per month,Moderate confidence,Median/Mean value,0.5,ha,Mean,5.69,t/ha,Mean,,,,,,,,,
48,49,Vietnam,Coffee,2019,National,,Desk research,https://www.plantagbiosciences.org/people/catherine-beal/2020/07/03/background-on-coffee-in-vietnam/,,Moderate confidence,Median/Mean value,,,,2.3,t/ha,Mean,,,,,,,,,
49,50,Vietnam,Coffee,2023,National,,Desk research,https://www.reuters.com/markets/commodities/too-wet-bone-dry-indonesian-coffee-crop-faces-el-nino-jolt-2023-08-14/,,High confidence,Median/Mean value,,,,2.7,t/ha,Mean,,,,,,,,,
50,51,Nigeria,Rice,2020,National,,Desk research,https://www.iita.org/wp-content/uploads/2020/07/Guide-to-Rice-Production-in-Northern-Nigeria.pdf,"Average rice yields per unit area in the country at 2-3 t/ha, while on research field at 6-8t/ha",High confidence,Median/Mean value,,,,2-3,t/ha,Mean,,,,,,,,,
51,52,Nigeria,Rice,2023,National,NGN,Desk research,"https://www.dataphyte.com/latest-reports/inside-the-big-business-of-abakiliki-rice-farming/#:~:text=Hence%20cultivating%20one%20hectare%20of,195%20million.",Per planting season,Moderate confidence,High value,,,,,,,"295,000",N/ha,,,,,,,
52,53,Nigeria,Maize,2019,National,,Desk research,https://fertiliser.dangote.com/wp-content/uploads/2022/06/new-maize.pdf,potential yield,Moderate confidence,Median/Mean value,,,,4-6,t/ha,,,,,,,,,,
53,54,Nigeria,Maize,2023,National,NGN,Desk research,https://agricdemy.com/post/maize-farming-nigeria,"average yield in the country, potential of 2,000–3000 kg/ hectare",Moderate confidence,Median/Mean value,,,,1.68,t/ha,Min,,,,,,,,,
54,55,Nigeria,Maize,2020,National,,Desk research,https://veggiegrow.ng/maize-farming-in-nigeria/,With a potential of up to 12 tons per hectare,Moderate confidence,Median/Mean value,,,,6-10,t/ha,Mean,,,,,,,,,
55,56,Nigeria,Maize,2020,National,,Desk research,https://veggiegrow.ng/maize-farming-in-nigeria/,,Moderate confidence,Median/Mean value,,,,,,,"320,000",N/ha,,,,,,,
56,57,Nigeria,Maize,2020,National,,Desk research,https://veggiegrow.ng/maize-farming-in-nigeria/,equvalent to 91 bags,Moderate confidence,Median/Mean value,,,,9.1,t/ha,,,,,,,,,,
57,58,Ghana,Cocoa,2022,National,USD,Desk research,https://livelihoods.eu/can-smallholder-cocoa-farmers-be-prosperous-livelihoods-new-project-in-ghana-2/,"average yield at 450kgs/ha , with a potential of 1-1.5 t/ha",Moderate confidence,Median/Mean value,2.0,ha,Median,450,kg/ha,Mean,1,$/kg,Max ,,,,,,
58,59,Ghana,Cocoa,2023,National,USD,Desk research,"https://www.oxfam.org/en/press-releases/chocolate-giants-reap-huge-profits-promises-improve-farmers-incomes-ring-hollow#:~:text=Up%20to%2090%20percent%20of,on%20just%20%242%20a%20day.",average cocoa farmer in Ghana produces about one ton of cocoa annually,High confidence,Median/Mean value,,,,,,,35 -40,$/t,Mean,,,,,,
59,60,Ghana,Maize,2021,National,,Desk research,"https://veggiegrow.ng/how-many-bags-of-maize-can-an-acre-produce/#:~:text=The%20level%20of%20fertility%20of,bag%20of%20maize%20per%20acre.",With a potential of over 20 (100kg) bags and as low as 1 (100kg) bag.,Moderate confidence,Median/Mean value,,,,2000,kg/acre,Mean,,,,,,,,,
60,61,Ghana,Maize,2023,National,GHS,Desk research,https://thefarmdreams.com/how-to-start-maize-farming-in-ghana-to-make-money/,With a potential of over 20 (100kg) bags and as low as 5 (100kg) bag.,Moderate confidence,Low value,,,,1500,kg/acre,Mean,1,GHS/kg,Mean,775,GHS/acre,Mean,,,
61,62,Ghana,Rice,2020,National,,Desk research,https://agra.org/wp-content/uploads/2020/10/Ghana-Rice-Mechanisation-Report.pdf,Above 6 tonnes,High confidence,Low value,,,,6,t/ha,Min,,,,,,,,,
62,63,Indonesia,Cocoa,2015,National,,SDM Data,,,High confidence,Median/Mean value,1.0,ha,Mean,500,kg/ha,Mean,1.8,,Mean,338.15,-,Mean,0,,Mean
63,64,Vietnam,Coffee,2015,National,,SDM Data,,,High confidence,Median/Mean value,1.8,ha,Mean,6003,kg/ha,Mean,1.93,,Mean,,-,Mean,0,,Mean
64,65,Vietnam,Coffee,2015,National,,SDM Data,,,High confidence,Median/Mean value,1.8,ha,Mean,6183.09,kg/ha,Mean,1.93,,Mean,,-,Mean,0,,Mean
65,66,Tanzania,Coffee,2015,National,,SDM Data,,,High confidence,Median/Mean value,0.8,ha,Mean,1040,kg/ha,Mean,0.43,,Mean,,-,Mean,0,,Mean
66,67,Tanzania,Coffee,2015,National,,SDM Data,,,High confidence,Median/Mean value,0.8,ha,Mean,1039.96,kg/ha,Mean,0.43,,Mean,,-,Mean,0,,Mean
67,68,Tanzania,Coffee,2016,National,,SDM Data,,,High confidence,Median/Mean value,1.2,ha,Mean,576,kg/ha,Mean,2.06,,Mean,191.82,-,Mean,0,,Mean
68,69,Tanzania,Coffee,2016,National,,SDM Data,,,High confidence,Median/Mean value,1.2,ha,Mean,576,kg/ha,Mean,2.06,,Mean,191.82,-,Mean,0,,Mean
69,70,Ivory Coast,Cocoa,2016,National,,SDM Data,,,High confidence,Median/Mean value,2.5,ha,Mean,1387.5,kg/ha,Mean,1.35,,Mean,,-,Mean,0,,Mean
70,71,Ivory Coast,Cocoa,2016,National,,SDM Data,,,High confidence,Median/Mean value,2.5,ha,Mean,1665,kg/ha,Mean,1.35,,Mean,,-,Mean,0,,Mean
71,72,Ivory Coast,Cocoa,2016,National,,SDM Data,,,High confidence,Median/Mean value,3.0,ha,Mean,1500,kg/ha,Mean,1.77,,Mean,,-,Mean,0,,Mean
72,73,Ivory Coast,Cocoa,2016,National,,SDM Data,,,High confidence,Median/Mean value,3.0,ha,Mean,1831.2,kg/ha,Mean,1.77,,Mean,,-,Mean,0,,Mean
73,74,Uganda,Coffee,2021,National,,SDM Data,,,High confidence,Median/Mean value,2.43,ha,Mean,3888,kg/ha,Mean,0.56,,Mean,522.67,-,Mean,1663.59,,Mean
74,75,Uganda,Coffee,2021,National,,SDM Data,,,High confidence,Median/Mean value,2.43,ha,Mean,18951.82,kg/ha,Mean,0.28,,Mean,3390.29,-,Mean,1475.25,,Mean
75,76,Nigeria,Maize,2021,National,,SDM Data,,,High confidence,Median/Mean value,1.0,ha,Mean,2000,kg/ha,Mean,0.42,,Mean,411.91,-,Mean,437.4,,Mean
76,77,Nigeria,Maize,2021,National,,SDM Data,,,High confidence,Median/Mean value,1.0,ha,Mean,2000,kg/ha,Mean,0.42,,Mean,527.45,-,Mean,437.4,,Mean
77,78,Madagascar,Vanilla,2021,National,,SDM Data,,,High confidence,Median/Mean value,0.9,ha,Mean,,,Mean,,,Mean,851.76,,Mean,480.92,,Mean
78,79,Madagascar,Vanilla,2021,National,,SDM Data,,,High confidence,Median/Mean value,0.5,ha,Mean,,,Mean,,,Mean,464.45,,Mean,439.17,,Mean
79,80,Uganda,Coffee,2021,National,,SDM Data,,,High confidence,Median/Mean value,,ha,Mean,649.05,kg/ha,Mean,3.79,,Mean,773.13,-,Mean,84.28,,Mean
80,81,Uganda,Coffee,2021,National,,SDM Data,,,High confidence,Median/Mean value,,ha,Mean,681.73,kg/ha,Mean,5.43,,Mean,1385.27,-,Mean,115.71,,Mean
81,82,Ghana,Maize,2022,National,,SDM Data,,,High confidence,Median/Mean value,0.4,ha,Mean,650,kg/ha,Mean,0.13,,Mean,93.97,-,Mean,0,,Mean
82,83,Ghana,Maize,2022,National,,SDM Data,,,High confidence,Median/Mean value,0.4,ha,Mean,1670,kg/ha,Mean,0.16,,Mean,288.32,-,Mean,0,,Mean
83,84,Ghana,Rice,2022,National,,SDM Data,,,High confidence,Median/Mean value,0.81,ha,Mean,1400,kg/ha,Mean,0.1,,Mean,59.7,-,Mean,25.76,,Mean
84,85,Ghana,Rice,2022,National,,SDM Data,,,High confidence,Median/Mean value,0.81,ha,Mean,2800,kg/ha,Mean,0.16,,Mean,264.06,-,Mean,25.76,,Mean
85,86,Kenya,Coffee,2022,National,,SDM Data,,,High confidence,Median/Mean value,0.17,ha,Mean,504.34,kg/ha,Mean,0.34,,Mean,186.5,-,Mean,0,,Mean
86,87,Kenya,Coffee,2022,National,,SDM Data,,,High confidence,Median/Mean value,0.17,ha,Mean,652.6,kg/ha,Mean,2.5,,Mean,1545.74,-,Mean,0,,Mean
87,88,Kenya,Coffee,2022,National,,SDM Data,,,High confidence,Median/Mean value,0.04,ha,Mean,653.22,kg/ha,Mean,0.59,,Mean,138.63,-,Mean,78.69,,Mean
88,89,Kenya,Coffee,2022,National,,SDM Data,,,High confidence,Median/Mean value,0.04,ha,Mean,770.17,kg/ha,Mean,0.8,,Mean,608.02,-,Mean,208.25,,Mean
89,90,Kenya,Coffee,2022,National,,SDM Data,,,High confidence,Median/Mean value,0.61,ha,Mean,1670.33,kg/ha,Mean,0.36,,Mean,282.2,-,Mean,1.93,,Mean
90,91,Kenya,Coffee,2022,National,,SDM Data,,,High confidence,Median/Mean value,0.61,ha,Mean,2016.55,kg/ha,Mean,0.44,,Mean,531.3,-,Mean,0.89,,Mean
91,92,Ghana,Cocoa,2016,National,,SDM Data,,,High confidence,Median/Mean value,1.88,ha,Mean,940,kg/ha,Mean,1.73,,Mean,,-,Mean,0,,Mean
92,93,Ghana,Cocoa,2016,National,,SDM Data,,,High confidence,Median/Mean value,1.88,ha,Mean,740.25,kg/ha,Mean,1.73,,Mean,,-,Mean,0,,Mean
93,94,Kenya,Rice,2022,National,,SDM Data,,,High confidence,Median/Mean value,0.87,ha,Mean,10992.4,kg/ha,Mean,0.27,,Mean,1844.69,-,Mean,859.5,,Mean
94,95,Kenya,Rice,2022,National,,SDM Data,,,High confidence,Median/Mean value,0.87,ha,Mean,16286.93,kg/ha,Mean,0.31,,Mean,2684.05,-,Mean,859.5,,Mean
95,96,Kenya,Pineapple,2023,National,,SDM Data,,,High confidence,Median/Mean value,1.01,ha,Mean,50000,kg/ha,Mean,0.14,,Mean,94.15,-,Mean,101.84,,Mean
96,97,Kenya,Pineapple,2023,National,,SDM Data,,,High confidence,Median/Mean value,,ha,Mean,50000,kg/ha,Mean,0.17,,Mean,98.19,-,Mean,101.84,,Mean
97,98,Madagascar,Vanilla,2017,National,,SDM Data,,,High confidence,Median/Mean value,1.0,ha,Mean,149.62,kg/ha,Mean,17.3,,Mean,36.23,-,Mean,0,,Mean
98,99,Madagascar,Vanilla,2017,National,,SDM Data,,,High confidence,Median/Mean value,1.23,ha,Mean,291,kg/ha,Mean,17.3,,Mean,140.07,-,Mean,0,,Mean
99,100,Nigeria,Maize,2017,National,,SDM Data,,,High confidence,Median/Mean value,1.44,ha,Mean,2694,kg/ha,Mean,0.14,,Mean,88.69,-,Mean,0,,Mean
100,101,Nigeria,Maize,2017,National,,SDM Data,,,High confidence,Median/Mean value,1.44,ha,Mean,2636.68,kg/ha,Mean,0.14,,Mean,229.63,-,Mean,0,,Mean
101,102,Kenya,Sorghum,2016,National,,SDM Data,,,High confidence,Median/Mean value,1.01,ha,Mean,812.5,kg/ha,Mean,0.26,,Mean,72.74,-,Mean,0,,Mean
102,103,Kenya,Sorghum,2016,National,,SDM Data,,,High confidence,Median/Mean value,1.01,ha,Mean,3180,kg/ha,Mean,0.26,,Mean,310.29,-,Mean,0,,Mean
103,104,Mexico,Coffee,2017,National,,SDM Data,,,High confidence,Median/Mean value,2.0,ha,Mean,1014.34,kg/ha,Mean,4.67,,Mean,2087.36,-,Mean,0,,Mean
104,105,Mexico,Coffee,2017,National,,SDM Data,,,High confidence,Median/Mean value,2.0,ha,Mean,1343.38,kg/ha,Mean,4.67,,Mean,3386.13,-,Mean,0,,Mean
105,106,Peru,Coffee,2017,National,,SDM Data,,,High confidence,Median/Mean value,2.0,ha,Mean,1557.29,kg/ha,Mean,2.04,,Mean,3974.31,-,Mean,0,,Mean
106,107,Peru,Coffee,2017,National,,SDM Data,,,High confidence,Median/Mean value,2.0,ha,Mean,2226.93,kg/ha,Mean,2.34,,Mean,5023.64,-,Mean,0,,Mean
107,108,Mexico,Coffee,2017,National,,SDM Data,,,High confidence,Median/Mean value,1.5,ha,Mean,644.93,kg/ha,Mean,2.72,,Mean,1392.73,-,Mean,0,,Mean
108,109,Mexico,Coffee,2017,National,,SDM Data,,,High confidence,Median/Mean value,2.0,ha,Mean,587.11,kg/ha,Mean,2.72,,Mean,2991.4,-,Mean,0,,Mean
109,110,Mexico,Coffee,2017,National,,SDM Data,,,High confidence,Median/Mean value,2.5,ha,Mean,734.48,kg/ha,Mean,3.03,,Mean,3036,-,Mean,0,,Mean
110,111,Mexico,Coffee,2017,National,,SDM Data,,,High confidence,Median/Mean value,4.5,ha,Mean,1276.29,kg/ha,Mean,3.03,,Mean,3141.18,-,Mean,0,,Mean
111,112,Kenya,Sorghum,2016,National,,SDM Data,,,High confidence,Median/Mean value,1.01,ha,Mean,812.5,kg/ha,Mean,0.27,,Mean,54.74,-,Mean,0,,Mean
112,113,Kenya,Sorghum,2016,National,,SDM Data,,,High confidence,Median/Mean value,1.01,ha,Mean,3180,kg/ha,Mean,0.27,,Mean,265.29,-,Mean,0,,Mean
113,114,Peru,Coffee,2017,National,,SDM Data,,,High confidence,Median/Mean value,2.0,ha,Mean,1557.29,kg/ha,Mean,2.04,,Mean,3974.31,-,Mean,0,,Mean
114,115,Peru,Coffee,2017,National,,SDM Data,,,High confidence,Median/Mean value,2.0,ha,Mean,2260.26,kg/ha,Mean,2.34,,Mean,4876.9,-,Mean,0,,Mean
115,116,Peru,Coffee,2017,National,,SDM Data,,,High confidence,Median/Mean value,2.0,ha,Mean,800.79,kg/ha,Mean,2.24,,Mean,3842.49,-,Mean,0,,Mean
116,117,Peru,Coffee,2017,National,,SDM Data,,,High confidence,Median/Mean value,2.0,ha,Mean,1427.33,kg/ha,Mean,2.54,,Mean,4673.89,-,Mean,0,,Mean
117,118,Uganda,Coffee,2017,National,,SDM Data,,,High confidence,Median/Mean value,,ha,Mean,,kg/ha,Mean,,,Mean,,,Mean,0,,Mean
118,119,Uganda,Coffee,2017,National,,SDM Data,,,High confidence,Median/Mean value,,ha,Mean,,kg/ha,Mean,,,Mean,,,Mean,0,,Mean
119,120,Ghana,Cocoa,2017,National,,SDM Data,,,High confidence,Median/Mean value,,ha,Mean,,kg/ha,Mean,,,Mean,,,Mean,0,,Mean
120,121,Ghana,Cocoa,2017,National,,SDM Data,,,High confidence,Median/Mean value,,ha,Mean,,kg/ha,Mean,,,Mean,,,Mean,0,,Mean
121,122,Nigeria,Cassava,2017,National,,SDM Data,,,High confidence,Median/Mean value,4.0,ha,Mean,38000,kg/ha,Mean,0.05,,Mean,,-,Mean,0,,Mean
122,123,Nigeria,Cassava,2017,National,,SDM Data,,,High confidence,Median/Mean value,4.0,ha,Mean,70000,kg/ha,Mean,0.05,,Mean,,-,Mean,0,,Mean
123,124,Nigeria,Cassava,2017,National,,SDM Data,,,High confidence,Median/Mean value,2.01,ha,Mean,,kg/ha,Mean,,,Mean,,,Mean,0,,Mean
124,125,Nigeria,Cassava,2017,National,,SDM Data,,,High confidence,Median/Mean value,2.01,ha,Mean,,kg/ha,Mean,,,Mean,,,Mean,0,,Mean
125,126,Mexico,Coffee,2017,National,,SDM Data,,,High confidence,Median/Mean value,,ha,Mean,,kg/ha,Mean,,,Mean,,,Mean,0,,Mean
126,127,Mexico,Coffee,2017,National,,SDM Data,,,High confidence,Median/Mean value,,ha,Mean,,kg/ha,Mean,,,Mean,,,Mean,0,,Mean
127,128,Nigeria,Cassava,2017,National,,SDM Data,,,High confidence,Median/Mean value,3.0,ha,Mean,28500,kg/ha,Mean,0.08,,Mean,,-,Mean,0,,Mean
128,129,Nigeria,Cassava,2017,National,,SDM Data,,,High confidence,Median/Mean value,3.0,ha,Mean,49500,kg/ha,Mean,0.08,,Mean,,-,Mean,0,,Mean
129,130,Nigeria,Cassava,2018,National,,SDM Data,,,High confidence,Median/Mean value,1.11,ha,Mean,,kg/ha,Mean,,,Mean,,,Mean,0,,Mean
130,131,Nigeria,Cassava,2018,National,,SDM Data,,,High confidence,Median/Mean value,1.16,ha,Mean,,kg/ha,Mean,,,Mean,,,Mean,0,,Mean
131,132,Vietnam,Coffee,2018,National,,SDM Data,,,High confidence,Median/Mean value,2.0,ha,Mean,4891.65,kg/ha,Mean,1.77,,Mean,4832.48,-,Mean,0,,Mean
132,133,Vietnam,Coffee,2018,National,,SDM Data,,,High confidence,Median/Mean value,2.0,ha,Mean,4893.77,kg/ha,Mean,1.77,,Mean,4288.91,-,Mean,0,,Mean
133,134,Tanzania,Maize,2018,National,,SDM Data,,,High confidence,Median/Mean value,1.0,ha,Mean,1700,kg/ha,Mean,0.13,,Mean,,-,Mean,0,,Mean
134,135,Tanzania,Maize,2018,National,,SDM Data,,,High confidence,Median/Mean value,1.1,ha,Mean,2527.2,kg/ha,Mean,0.13,,Mean,,-,Mean,0,,Mean
135,136,Kenya,Coffee,2018,National,,SDM Data,,,High confidence,Median/Mean value,0.15,ha,Mean,200,kg/ha,Mean,0.55,,Mean,,-,Mean,0,,Mean
136,137,Kenya,Coffee,2018,National,,SDM Data,,,High confidence,Median/Mean value,0.15,ha,Mean,552.86,kg/ha,Mean,0.61,,Mean,,-,Mean,0,,Mean
137,138,Kenya,Macadamia,2019,National,,SDM Data,,,High confidence,Median/Mean value,0.76,ha,Mean,480,kg/ha,Mean,1.48,,Mean,301.61,-,Mean,0,,Mean
138,139,Kenya,Macadamia,2019,National,,SDM Data,,,High confidence,Median/Mean value,0.94,ha,Mean,657.62,kg/ha,Mean,1.7,,Mean,240.65,-,Mean,0,,Mean
139,140,Indonesia,Coffee,2018,National,,SDM Data,,,High confidence,Median/Mean value,0.6,ha,Mean,390,kg/ha,Mean,1.48,,Mean,79.72,-,Mean,0,,Mean
140,141,Indonesia,Coffee,2018,National,,SDM Data,,,High confidence,Median/Mean value,0.6,ha,Mean,390,kg/ha,Mean,1.75,,Mean,143.11,-,Mean,0,,Mean
141,142,Vietnam,Coffee,2019,National,,SDM Data,,,High confidence,Median/Mean value,1.1,ha,Mean,3277.74,kg/ha,Mean,1.44,,Mean,,-,Mean,0,,Mean
142,143,Vietnam,Coffee,2019,National,,SDM Data,,,High confidence,Median/Mean value,1.1,ha,Mean,3277.86,kg/ha,Mean,1.44,,Mean,,-,Mean,0,,Mean
143,144,Uganda,Coffee,2018,National,,SDM Data,,,High confidence,Median/Mean value,0.44,ha,Mean,800,kg/ha,Mean,0.13,,Mean,21.33,-,Mean,0,,Mean
144,145,Uganda,Coffee,2018,National,,SDM Data,,,High confidence,Median/Mean value,0.44,ha,Mean,800.03,kg/ha,Mean,0.22,,Mean,40,-,Mean,0,,Mean
145,146,Vietnam,Coffee,2019,National,,SDM Data,,,High confidence,Median/Mean value,1.0,ha,Mean,3638.05,kg/ha,Mean,1.52,,Mean,1985.01,-,Mean,0,,Mean
146,147,Vietnam,Coffee,2019,National,,SDM Data,,,High confidence,Median/Mean value,1.0,ha,Mean,3548.67,kg/ha,Mean,1.52,,Mean,2126.88,-,Mean,0,,Mean
147,148,Indonesia,Coffee,2019,National,,SDM Data,,,High confidence,Median/Mean value,1.0,ha,Mean,733.7,kg/ha,Mean,6.64,,Mean,503.79,-,Mean,0,,Mean
148,149,Indonesia,Coffee,2019,National,,SDM Data,,,High confidence,Median/Mean value,0.68,ha,Mean,325.34,kg/ha,Mean,4.74,,Mean,471.8,-,Mean,0,,Mean
149,150,Indonesia,Cocoa,2019,National,,SDM Data,,,High confidence,Median/Mean value,1.0,ha,Mean,700,kg/ha,Mean,1.77,,Mean,107.53,-,Mean,0,,Mean
150,151,Indonesia,Cocoa,2019,National,,SDM Data,,,High confidence,Median/Mean value,1.0,ha,Mean,682.63,kg/ha,Mean,1.94,,Mean,196.97,-,Mean,0,,Mean
151,152,Indonesia,Coffee,2019,National,,SDM Data,,,High confidence,Median/Mean value,1.27,ha,Mean,612.35,kg/ha,Mean,2.02,,Mean,600.16,-,Mean,0,,Mean
152,153,Indonesia,Coffee,2019,National,,SDM Data,,,High confidence,Median/Mean value,1.27,ha,Mean,687.59,kg/ha,Mean,2.76,,Mean,1100.8,-,Mean,0,,Mean
153,154,Indonesia,Coffee,2019,National,,SDM Data,,,High confidence,Median/Mean value,1.0,ha,Mean,899.53,kg/ha,Mean,3.24,,Mean,827.23,-,Mean,0,,Mean
154,155,Indonesia,Coffee,2019,National,,SDM Data,,,High confidence,Median/Mean value,1.0,ha,Mean,899.53,kg/ha,Mean,3.78,,Mean,1299.25,-,Mean,0,,Mean
155,156,Nigeria,Cassava,2019,National,,SDM Data,,,High confidence,Median/Mean value,,ha,Mean,,kg/ha,Mean,,,Mean,1208.34,,Mean,0,,Mean
156,157,Nigeria,Cassava,2019,National,,SDM Data,,,High confidence,Median/Mean value,,ha,Mean,,kg/ha,Mean,,,Mean,1339.84,,Mean,0,,Mean
157,158,Uganda,Coffee,2019,National,,SDM Data,,,High confidence,Median/Mean value,0.6,ha,Mean,1036.13,kg/ha,Mean,1.79,,Mean,780.02,-,Mean,0,,Mean
158,159,Uganda,Coffee,2019,National,,SDM Data,,,High confidence,Median/Mean value,0.6,ha,Mean,1036.13,kg/ha,Mean,1.79,,Mean,664.58,-,Mean,0,,Mean
159,160,Uganda,Coffee,2019,National,,SDM Data,,,High confidence,Median/Mean value,0.81,ha,Mean,1317.41,kg/ha,Mean,0.82,,Mean,528.61,-,Mean,0,,Mean
160,161,Uganda,Coffee,2019,National,,SDM Data,,,High confidence,Median/Mean value,0.98,ha,Mean,1640.6,kg/ha,Mean,1.35,,Mean,1186.23,-,Mean,0,,Mean
161,162,Kenya,Coffee,2019,National,,SDM Data,,,High confidence,Median/Mean value,0.2,ha,Mean,741.32,kg/ha,Mean,0.38,,Mean,8.96,-,Mean,0,,Mean
162,163,Kenya,Coffee,2019,National,,SDM Data,,,High confidence,Median/Mean value,0.2,ha,Mean,1186.1,kg/ha,Mean,0.43,,Mean,491.76,-,Mean,0,,Mean
163,164,Vietnam,Pepper,2019,National,,SDM Data,,,High confidence,Median/Mean value,0.75,ha,Mean,,kg/ha,Mean,,,Mean,1775.64,,Mean,0,,Mean
164,165,Vietnam,Pepper,2019,National,,SDM Data,,,High confidence,Median/Mean value,1.6,ha,Mean,4188,kg/ha,Mean,0.85,,Mean,2019.39,-,Mean,0,,Mean
165,166,Vietnam,Pepper,2019,National,,SDM Data,,,High confidence,Median/Mean value,2.5,,Mean,,kg/ha,Mean,,,Mean,11412.38,,Mean,0,,Mean
166,167,Vietnam,Pepper,2019,National,,SDM Data,,,High confidence,Median/Mean value,2.5,ha,Mean,8490.9,kg/ha,Mean,1.71,,Mean,9850.78,-,Mean,0,,Mean
167,168,Vietnam,Pepper,2019,National,,SDM Data,,,High confidence,Median/Mean value,1.9,ha,Mean,,kg/ha,Mean,,,Mean,5159.39,,Mean,0,,Mean
168,169,Vietnam,Pepper,2019,National,,SDM Data,,,High confidence,Median/Mean value,1.9,ha,Mean,4844.56,kg/ha,Mean,1.81,,Mean,5014.78,-,Mean,0,,Mean
169,170,Ghana,Rice,2019,National,,SDM Data,,,High confidence,Median/Mean value,0.81,ha,Mean,2200,kg/ha,Mean,0.31,,Mean,535.13,-,Mean,0,,Mean
170,171,Ghana,Rice,2019,National,,SDM Data,,,High confidence,Median/Mean value,1.62,ha,Mean,8600,kg/ha,Mean,0.38,,Mean,1928.25,-,Mean,0,,Mean
171,172,Kenya,Rice,2020,National,,SDM Data,,,High confidence,Median/Mean value,1.01,ha,Mean,5250,kg/ha,Mean,0.67,,Mean,1778.98,-,Mean,735.9,,Mean
172,173,Kenya,Rice,2020,National,,SDM Data,,,High confidence,Median/Mean value,1.01,ha,Mean,6750,kg/ha,Mean,0.68,,Mean,2334.87,-,Mean,973.95,,Mean
173,174,Ghana,Maize,2020,National,,SDM Data,,,High confidence,Median/Mean value,4.0,ha,Mean,1179.15,kg/ha,Mean,0.51,,Mean,74.37,-,Mean,0,,Mean
174,175,Ghana,Maize,2020,National,,SDM Data,,,High confidence,Median/Mean value,4.0,ha,Mean,2718.59,kg/ha,Mean,0.46,,Mean,730.14,-,Mean,0,,Mean
175,176,Kenya,Macadamia,2020,National,,SDM Data,,,High confidence,Median/Mean value,0.25,ha,Mean,469.25,kg/ha,Mean,0.41,,Mean,211.03,-,Mean,0,,Mean
176,177,Kenya,Macadamia,2020,National,,SDM Data,,,High confidence,Median/Mean value,0.25,ha,Mean,834.12,kg/ha,Mean,0.44,,Mean,231.97,-,Mean,0,,Mean
177,178,Ivory Coast,Cocoa,2021,National,,SDM Data,,,High confidence,Median/Mean value,3.5,ha,Mean,3576.4,kg/ha,Mean,1.84,,Mean,1065.39,-,Mean,817.96,,Mean
178,179,Ivory Coast,Cocoa,2021,National,,SDM Data,,,High confidence,Median/Mean value,6.71,ha,Mean,23961.51,kg/ha,Mean,0.4,,Mean,7888.68,-,Mean,38.18,,Mean
179,180,Tanzania,Tea,2020,National,,SDM Data,,,High confidence,Median/Mean value,0.32,ha,Mean,1292.93,kg/ha,Mean,0.13,,Mean,81.39,-,Mean,0,,Mean
180,181,Tanzania,Tea,2020,National,,SDM Data,,,High confidence,Median/Mean value,0.32,ha,Mean,2427.06,kg/ha,Mean,0.14,,Mean,164.54,-,Mean,0,,Mean
181,182,Ghana,Cocoa,2021,National,,SDM Data,,,High confidence,Median/Mean value,3.3,ha,Mean,3273.06,kg/ha,Mean,1.64,,Mean,1811.67,-,Mean,477,,Mean
182,183,Ghana,Cocoa,2021,National,,SDM Data,,,High confidence,Median/Mean value,3.7,ha,Mean,7518.01,kg/ha,Mean,0.99,,Mean,2298.96,-,Mean,477,,Mean
183,184,Ghana,Cocoa,2023,National,GHS,IDH internal,,,High confidence,Low value,1.5,ha,Min,1026,kg/ha,Median,23.8,GHS/kg,Mean,"16,750",GHS/ha,Mean,23772,GHS,Mean
184,185,Ghana,Cocoa,2023,National,GHS,IDH internal,,,High confidence,Median/Mean value,2.5,ha,Median,1026,kg/ha,Median,23.8,GHS/kg,Mean,"16,750",GHS/ha,Mean,23772,GHS,Mean
185,186,Ghana,Cocoa,2023,National,GHS,IDH internal,,,High confidence,High value,3.0,ha,Max,1026,kg/ha,Median,23.8,GHS/kg,Mean,"16,750",GHS/ha,Mean,23772,GHS,Mean
186,187,Ghana,Cocoa,2023,National,GHS,IDH internal,,,High confidence,Low value,1.5,ha,Min,344,kg/ha,Median,20.94384,GHS/kg,Mean,8540,GHS/ha,Mean,4018,GHS,Mean
187,188,Ghana,Cocoa,2023,National,GHS,IDH internal,,,High confidence,Median/Mean value,2.5,ha,Median,344,kg/ha,Median,20.94384,GHS/kg,Mean,8540,GHS/ha,Mean,4018,GHS,Mean
188,189,Ghana,Cocoa,2023,National,GHS,IDH internal,,,High confidence,High value,3.0,ha,Max,344,kg/ha,Median,20.94384,GHS/kg,Mean,8540,GHS/ha,Mean,4018,GHS,Mean
189,190,Ivory coast,Cocoa,2023,National,CFA,IDH internal,,,High confidence,Low value,2.0,ha,Min,645,kg/ha,Min,1148,CFA/kg,Mean,"1,007,326",XOF/ha,Mean,"1,242,368",XOF,Mean
190,191,Ivory coast,Cocoa,2023,National,CFA,IDH internal,,,High confidence,Median/Mean value,3.0,ha,Median,645,kg/ha,Median,1148,CFA/kg,Mean,"1,007,326",XOF/ha,Mean,"1,242,368",XOF,Mean
191,192,Ivory coast,Cocoa,2023,National,CFA,IDH internal,,,High confidence,High value,4.0,ha,Max,645,kg/ha,Max ,1148,CFA/kg,Mean,"1,007,326",XOF/ha,Mean,"1,242,368",XOF,Mean
